{"cameraMode":{"drawMode":0,"name":"Shaded","section":"Shading Mode"},"sceneLighting":true,"audioPlay":false,"sceneViewState":{"showFog":true,"showMaterialUpdate":false,"showSkybox":true,"showFlares":true,"showImageEffects":true,"showParticleSystems":true},"in2DMode":false,"pivot":{"x":-22.2041015625,"y":22.2353515625,"z":-15.3828125},"rotation":{"x":0.05908135324716568,"y":-0.09717436134815216,"z":0.005778733640909195,"w":0.9934989213943481},"size":28.656557083129884,"orthographic":true}