{"cameraMode":{"drawMode":0,"name":"Shaded","section":"Shading Mode"},"sceneLighting":true,"audioPlay":false,"sceneViewState":{"showFog":true,"showMaterialUpdate":false,"showSkybox":true,"showFlares":true,"showImageEffects":true,"showParticleSystems":true},"in2DMode":false,"pivot":{"x":11.434877395629883,"y":23.034446716308595,"z":-19.587459564208986},"rotation":{"x":0.2066652923822403,"y":-0.07623269408941269,"z":0.01615365967154503,"w":0.9753037095069885},"size":50.7729377746582,"orthographic":false}